ID,fname,DOB,Cage,Condition,Sex,BW,Drug1,Drug2,Injection_Day1,Injection_Day2,Date_Perfusion,Notes,Staining_Batch,AB_per_brain
SM1,20240407_18_09_25_OPTRAP_SM1_Destripe_DONE,1/15/2024,284041,Sal-AcM,F,27,Saline,Acute_Morphine,2/23/2024,3/1/2024,3/1/2024,,1,1.75
SM2,20240407_17_38_14_OPTRAP_SM2_Destripe_DONE,1/15/2024,284042,Sal-AcM,F,27,Saline,Acute_Morphine,2/23/2024,3/1/2024,3/1/2024,,1,1.75
SM3,20240408_09_59_24_OPTRAP_SM3_Destripe_DONE,1/15/2024,284043,Sal-AcM,F,27,Saline,Acute_Morphine,2/23/2024,3/1/2024,3/1/2024,,1,1.75
MM1,20240408_10_47_53_OPTRAP_MM1_Destripe_DONE,10/18/2023,272235,AcM-AcM,F,27,Acute_Morphine,Acute_Morphine,2/23/2024,3/1/2024,3/1/2024,,1,1.75
MM2,20240408_12_32_54_OPTRAP_MM2_Destripe_DONE,10/18/2023,284036,AcM-AcM,F,27,Acute_Morphine,Acute_Morphine,2/23/2024,3/1/2024,3/1/2024,,1,1.75
MM3,20240408_11_32_18_OPTRAP_MM3_Destripe_DONE,10/18/2023,284037,AcM-AcM,F,27,Acute_Morphine,Acute_Morphine,2/23/2024,3/1/2024,3/1/2024,,1,1.75
CM1,20240408_15_37_50_OPTRAP_CM1_Destripe_DONE,10/30/2023,284042,AcM-AcC,F,27,Acute_Morphine,Cocaine,2/23/2024,3/1/2024,3/1/2024,,1,1.75
CM2,20240408_16_39_53_OPTRAP_CM2_Destripe_DONE,10/30/2023,284044,AcM-AcC,F,27,Acute_Morphine,Cocaine,2/23/2024,3/1/2024,3/1/2024,,1,1.75
CM3,20240408_17_27_20_OPTRAP_CM3_Destripe_DONE,10/30/2023,284043,AcM-AcC,F,27,Acute_Morphine,Cocaine,2/23/2024,3/1/2024,3/1/2024,,1,1.75
MM4,20240610_16_04_11_OP_TRAP_MM4A_Destripe_DONE,11/1/2023,304015,AcM-AcM,M,32,Acute_Morphine,Acute_Morphine,5/3/2024,5/3/2024,5/11/2024,,2,1.75
MM5,20240610_16_40_59_OP_TRAP_MM5B_Destripe_DONE,11/1/2023,304015,AcM-AcM,M,32,Acute_Morphine,Acute_Morphine,5/3/2024,5/3/2024,5/11/2024,,2,1.75
MM6,20240610_17_51_47_OP_TRAP_MM6C_Destripe_DONE,11/1/2023,304015,AcM-AcM,M,32,Acute_Morphine,Acute_Morphine,5/3/2024,5/3/2024,5/11/2024,,2,1.75
SM4,20240611_10_31_28_OP_TRAP_SM4D_Destripe_DONE,11/1/2023,304015,Sal-AcM,M,32,Saline,Acute_Morphine,5/3/2024,5/3/2024,5/11/2024,,2,1.75
SM5,20240611_12_06_53_OP_TRAP_SM5E_Destripe_DONE,11/1/2023,304015,Sal-AcM,M,32,Saline,Acute_Morphine,5/3/2024,5/3/2024,5/11/2024,,2,1.75
CM4,20240611_11_33_29_OP_TRAP_CM4F_Destripe_DONE,11/1/2023,304016,AcM-AcC,M,32,Acute_Morphine,Cocaine,5/3/2024,5/3/2024,5/11/2024,,2,1.75
CM5,20240611_13_04_31_OP_TRAP_CM5G_Destripe_DONE,11/1/2023,304016,AcM-AcC,M,32,Acute_Morphine,Cocaine,5/3/2024,5/3/2024,5/11/2024,,2,1.75
MW1,20240611_13_35_20_OP_TRAP_MW1H_Destripe_DONE,11/1/2023,304016,AcM-WDM,M,32,Acute_Morphine,Morphine_withdrawal,5/3/2024,5/3/2024,5/11/2024,,2,1.75
MW2,20240611_16_02_12_OP_TRAP_MW2I_Destripe_DONE,11/1/2023,304016,AcM-WDM,M,32,Acute_Morphine,Morphine_withdrawal,5/3/2024,5/3/2024,5/11/2024,,2,1.75
MW3,20240611_15_30_04_OP_TRAP_MW3J_Destripe_DONE,11/1/2023,304016,AcM-WDM,M,32,Acute_Morphine,Morphine_withdrawal,5/3/2024,5/3/2024,5/11/2024,,2,1.75
MW4,20240611_17_04_52_OP_TRAP_MW4K_Destripe_DONE,2/21/2023,303484,AcM-WDM,M,32,Acute_Morphine,Morphine_withdrawal,5/3/2024,5/3/2024,5/11/2024,,2,1.75
MW5,20240611_17_35_21_OP_TRAP_MW5L_Destripe_DONE,2/21/2023,303484,AcM-WDM,M,32,Acute_Morphine,Morphine_withdrawal,5/3/2024,5/3/2024,5/11/2024,,2,1.75
MW6,20240611_18_27_46_OP_TRAP_MW6M_Destripe_DONE,2/21/2023,303484,AcM-WDM,M,32,Acute_Morphine,Morphine_withdrawal,5/3/2024,5/3/2024,5/11/2024,,2,1.75
AC1,20240822_13_43_04_OPTRAP_AC1_Destripe_DONE,5/8/2024,316556,AcM-ChM,M,23,Acute_Morphine,Chronic_Morphine,7/23/2024,7/23/2024,7/30/2024,,3,1.75
AC4,20240822_15_16_56_OPTRAP_AC4_Destripe_DONE,5/8/2024,316556,AcM-ChM,F,18,Acute_Morphine,Chronic_Morphine,7/23/2024,7/23/2024,7/30/2024,,3,1.75
AC3,20240822_15_46_12_OPTRAP_AC3_Destripe_DONE,5/8/2024,316556,AcM-ChM,M,24,Acute_Morphine,Chronic_Morphine,7/23/2024,7/23/2024,7/30/2024,,3,1.75
AC6,20241028_10_52_19_OPTRAP_AC6_Destripe_DONE,7/2/2024,324255,AcM-ChM,M,23,Acute_Morphine,Chronic_Morphine,8/29/2024,8/29/2024,9/5/2024,,3,1.75
AC8,20241028_13_10_05_OPTRAP_AC8_Destripe_DONE,7/2/2024,324255,AcM-ChM,F,18,Acute_Morphine,Chronic_Morphine,8/29/2024,8/29/2024,9/5/2024,,3,1.75
AC7,20241028_11_21_50_OPTRAP_AC7_Destripe_DONE,7/2/2024,324255,AcM-ChM,M,24,Acute_Morphine,Chronic_Morphine,8/29/2024,8/29/2024,9/5/2024,,3,1.75
AC9,20241028_12_38_47_OPTRAP_AC9_Destripe_DONE,7/2/2024,324255,AcM-ChM,F,17,Acute_Morphine,Chronic_Morphine,8/29/2024,8/29/2024,9/5/2024,,3,1.75
